<?xml version="1.0" encoding="UTF-8" standalone="yes"?>
<WasabiXML version="1.35">

	<skininfo>
		<version>1.1.1</version>
		<name>Winamp5 Base Skin</name>
		<comment>Please feel free to use this skin as a reference point to build your new Winamp5 skins.</comment>
		<author gaybag="bartibartman">Sven Kistner</author>
		<email>sven@metrix.de</email>
		<homepage>http://www.winamp.com</homepage>
		<screenshot>screenshot.png</screenshot>
	</skininfo>

	<accelerators section="normal">
		<accelerator bind="Alt+F" action="MENUHOTKEY_FILE"/>
		<accelerator bind="Alt+P" action="MENUHOTKEY_PLAY"/>
		<accelerator bind="Alt+O" action="MENUHOTKEY_OPTIONS"/>
		<accelerator bind="Alt+I" action="MENUHOTKEY_VIEW"/>
		<accelerator bind="Alt+H" action="MENUHOTKEY_HELP"/>
	</accelerators>

	<accelerators section="myvideownd">
		<accelerator bind="Alt+F" action="MENUHOTKEY_FILE"/>
		<accelerator bind="Alt+P" action="MENUHOTKEY_PLAY"/>
		<accelerator bind="Alt+O" action="MENUHOTKEY_OPTIONS"/>
		<accelerator bind="Alt+I" action="MENUHOTKEY_VIEW"/>
		<accelerator bind="Alt+H" action="MENUHOTKEY_HELP"/>
	</accelerators>

	<accelerators section="player.content.pl.dummy.group">
		<accelerator bind="Alt+F" action="PL_MENUHOTKEY_FILE"/>
		<accelerator bind="Alt+P" action="PL_MENUHOTKEY_PLAYLIST"/>
		<accelerator bind="Alt+S" action="PL_MENUHOTKEY_SORT"/>
		<accelerator bind="Alt+H" action="PL_MENUHOTKEY_HELP"/>
	</accelerators>

	<accelerators section="player.content.ml.dummy.group">  
		<accelerator bind="Alt+F" action="ML_MENUHOTKEY_FILE"/>
		<accelerator bind="Alt+I" action="ML_MENUHOTKEY_VIEW"/>
		<accelerator bind="Alt+H" action="ML_MENUHOTKEY_HELP"/>
	</accelerators>  
  
	<include file="xml/color-presets.xml"/>
	<include file="xml/system-colors.xml"/>
	<include file="standardframe/standardframe.xml"/>
	<include file="titlebar/titlebar.xml"/>
	<include file="xml/player.xml"/>
	<include file="xml/pledit.xml"/>
	<include file="xml/ml.xml"/>
	<include file="xml/vis.xml"/>
	<include file="xml/video.xml"/>
	<include file="xml/albumart.xml"/>
	<include file="xml/notifier.xml"/>
	<include file="about/about.xml"/>

</WasabiXML>